{"cameraMode":{"drawMode":0,"name":"Shaded","section":"Shading Mode"},"sceneLighting":true,"audioPlay":false,"sceneViewState":{"showFog":true,"showMaterialUpdate":false,"showSkybox":true,"showFlares":true,"showImageEffects":true,"showParticleSystems":true},"in2DMode":false,"pivot":{"x":11.342941284179688,"y":-14.910126686096192,"z":4.3705573081970219},"rotation":{"x":-0.07088588923215866,"y":0.9078919291496277,"z":-0.17113375663757325,"w":-0.3760611414909363},"size":176.52838134765626,"orthographic":false}